{
    "files": {
        "count_good_image": 4215,
        "raw_image": 14188
    },
    "test": {
        "mAP50": 0.8544428015067412,
        "P": 0.8129323759009471,
        "R": 0.7916816063105055
    },
    "step": 8
}
