{
    "files": {
        "count_good_image": 3846,
        "raw_image": 7094
    },
    "test": {
        "mAP50": 0.8961755993363602,
        "P": 0.8455426345750959,
        "R": 0.8352456077447113
    },
    "time": 205.33333333333334,
    "step": 3
}
