{
    "test": {
        "mAP50": 0.9014956558209702,
        "P": 0.8374882047319798,
        "R": 0.8538433111603844
    },
    "step": 5
}
