step	time
0	49.416666666666664
1	76.48333333333333
2	142.3
3	205.33333333333334
