{
    "mAP_step_0": 0.0032157025662182745,
    "time_work_step_0": 6.066666666666666,
    "step": 0
}
