{
    "test": {
        "mAP50": 0.8079473501731684,
        "P": 0.7638135940547821,
        "R": 0.7444216656001047
    },
    "step": 2
}
