{
    "test": {
        "mAP50": 0.9048341935602285,
        "P": 0.8382466989435121,
        "R": 0.8579083518107908
    },
    "step": 10
}
