{
    "test": {
        "mAP50": 0.8868583307718495,
        "P": 0.823316070361485,
        "R": 0.8386917960088692
    },
    "time": 99.91666666666667,
    "step": 23
}
